Loss function,Noise (std),Train Loss,Val Loss,R^2,PSNR,Epoch,Test Loss
MSELoss,0.01,627.4013430516138,501.63867574380646,-0.3520263433456421,12.538221313598308,1,
MSELoss,0.01,341.7475190047604,253.28635812313,0.3174096345901489,16.28261254019771,2,
MSELoss,0.01,200.54089002123467,170.88524343612346,0.5396711826324463,17.806708231039927,3,
MSELoss,0.01,148.37229569156432,136.2671198743455,0.6330716013908386,18.27350942462894,4,
MSELoss,0.01,122.7840635284342,117.20264026290135,0.6845352053642273,18.483287446042326,5,
MSELoss,0.01,108.88204521404195,104.40078751584316,0.7190956473350525,18.692036256722524,6,
MSELoss,0.01,100.62414697028358,100.27186763032954,0.7302530407905579,18.667190125648013,7,
MSELoss,0.01,95.1840217733511,92.37606724948748,0.7515240907669067,18.895768882535027,8,
MSELoss,0.01,90.08049593150776,87.71722590669673,0.7640928626060486,19.007474243218173,9,
MSELoss,0.01,86.46222824833029,83.78109919771235,0.7746915817260742,19.14524148711076,10,
MSELoss,0.01,83.30293460058463,81.83531224135811,0.7799356579780579,19.21328205081588,11,
MSELoss,0.01,80.9704177386,79.08221186644641,0.7873305082321167,19.363147336540493,12,
MSELoss,0.01,78.83209782311488,77.16804317717856,0.7924867868423462,19.432746799279613,13,
MSELoss,0.01,76.29018423576457,75.05881427196746,0.7981574535369873,19.543645189163534,14,
MSELoss,0.01,74.48870351039692,77.17716695907268,0.7924259305000305,19.423475759249207,15,
MSELoss,0.01,72.7084267286449,72.04344179951553,0.8062508702278137,19.727963785753182,16,
MSELoss,0.01,71.06436936529329,75.86588887965425,0.795951247215271,19.477375348409016,17,
MSELoss,0.01,69.91540007297219,70.39962094895382,0.8106550574302673,19.832963375335044,18,
MSELoss,0.01,68.51005275000196,70.16134308077766,0.8113045692443848,19.81845988956749,19,
MSELoss,0.01,66.83731718293464,67.56718975094194,0.8182836771011353,19.98263934656238,20,
MSELoss,0.01,65.76855192107745,66.32570769939016,0.8216164112091064,20.06111571805697,21,
MSELoss,0.01,64.87344450861136,65.7370219670289,0.8231927752494812,20.09981774945631,22,
MSELoss,0.01,63.615648274766855,64.2477218411493,0.8271922469139099,20.196748544138373,23,
MSELoss,0.01,62.756338656428035,65.49405770268001,0.8238235712051392,20.120802446460047,24,
MSELoss,0.01,61.59592522117472,62.2620266312403,0.8325297832489014,20.3306308705756,25,
MSELoss,0.01,60.03143528894829,61.108624235112615,0.8356297016143799,20.355180104573567,26,
MSELoss,0.01,57.63817009401705,61.005081501412896,0.8358858823776245,20.432233871297633,27,
MSELoss,0.01,56.000272801989844,57.86189429641615,0.8443483114242554,20.594770715591757,28,
MSELoss,0.01,55.27163853274593,56.2355779823682,0.8487290143966675,20.709251309117526,29,
MSELoss,0.01,54.21044111891023,56.281807108128326,0.848609983921051,20.70155143737793,30,
MSELoss,0.01,,,,,Final,56.46825650133894
MSELoss,0.01,680.9176041753938,598.8458423208683,-0.6140578985214233,11.786396451030217,1,
MSELoss,0.01,438.12525697559835,338.22461922287096,0.08809465169906616,15.328237178477835,2,
MSELoss,0.01,244.2691453468384,193.99811130550736,0.4770636558532715,18.258613339552642,3,
MSELoss,0.01,153.83479016587816,131.6376827862246,0.6452339291572571,19.56781046441261,4,
MSELoss,0.01,108.56806398652513,98.35469493460148,0.7350062131881714,20.105113590862736,5,
MSELoss,0.01,82.25880185145155,75.77967857469058,0.7958881258964539,20.621171619875213,6,
MSELoss,0.01,66.73272924448786,63.96804944843265,0.8277597427368164,20.780937850898038,7,
MSELoss,0.01,57.477798952813444,59.290962381565826,0.8403984904289246,20.743125083598684,8,
MSELoss,0.01,52.57591903625161,53.176045045785024,0.8568693995475769,21.134368869429785,9,
MSELoss,0.01,50.86992451460687,50.020294906399776,0.8653708100318909,21.303006977054245,10,
MSELoss,0.01,47.95371907517993,48.38737452622001,0.8697758913040161,21.398878760371648,11,
MSELoss,0.01,46.535364590765006,49.10049947102865,0.8678531646728516,21.338361591312058,12,
MSELoss,0.01,46.26762627404752,46.976348822843946,0.8735684752464294,21.528375003354768,13,
MSELoss,0.01,45.11101142842392,46.57394507928943,0.8746498227119446,21.56747394588822,14,
MSELoss,0.01,44.41405101499992,46.5525685574146,0.8747097253799438,21.55671261726542,15,
MSELoss,0.01,44.19559773810747,46.332593295591096,0.8752992153167725,21.58736108549943,16,
MSELoss,0.01,44.03408642940163,46.450408083327275,0.8749973177909851,21.551335517396318,17,
MSELoss,0.01,42.555991571646274,46.39786848785184,0.8751331567764282,21.559599085057034,18,
MSELoss,0.01,42.09901959263288,45.64193436101819,0.8771611452102661,21.64274235989185,19,
MSELoss,0.01,42.001730683661656,45.6586056296707,0.8771249055862427,21.647955671269845,20,
MSELoss,0.01,41.67018595329878,46.17344082500918,0.8757201433181763,21.621667591392573,21,
MSELoss,0.01,41.552868523482665,44.943548297205716,0.879033625125885,21.736434233104085,22,
MSELoss,0.01,41.05437719534294,44.84538835836641,0.8792943358421326,21.7655989870112,23,
MSELoss,0.01,40.75401699383201,43.86367764033324,0.8819423913955688,21.828182761550796,24,
MSELoss,0.01,40.396322319398934,45.470328581248616,0.8776184320449829,21.69551538913808,25,
MSELoss,0.01,40.40108824671114,44.00811974545743,0.8815507292747498,21.825385573907948,26,
MSELoss,0.01,40.12221726271806,43.998671592550075,0.8815857172012329,21.810970171123532,27,
MSELoss,0.01,40.023322747156385,44.29200253588088,0.8807876706123352,21.820924840074905,28,
MSELoss,0.01,39.751120242612295,44.07771766608489,0.8813624382019043,21.824627734245137,29,
MSELoss,0.01,39.65820687322131,43.20454011741259,0.8837148547172546,21.898227231722352,30,
MSELoss,0.01,,,,,Final,42.0077492666886
PSNRLoss,0.001,-10.213229198558082,-12.119962147787108,-0.536062479019165,12.119962147787108,1,
PSNRLoss,0.001,-12.88590255052091,-17.266180265034343,0.2739197015762329,17.266180265034343,2,
PSNRLoss,0.001,-17.226371504346425,-21.414844370902852,0.6596120595932007,21.414844370902852,3,
PSNRLoss,0.001,-20.153202742098483,-22.724784472309953,0.7917609810829163,22.724784472309953,4,
PSNRLoss,0.001,-21.545602468638894,-23.463597067704438,0.8624317049980164,23.463597067704438,5,
PSNRLoss,0.001,-22.491111387196558,-23.878500133541458,0.8991395235061646,23.878500133541458,6,
PSNRLoss,0.001,-23.26442052979252,-24.273148516391185,0.9216603636741638,24.273148516391185,7,
PSNRLoss,0.001,-23.84556080764484,-24.447732560178068,0.9305733442306519,24.447732560178068,8,
PSNRLoss,0.001,-24.226888083900267,-24.53866804406998,0.9347905516624451,24.53866804406998,9,
PSNRLoss,0.001,-24.52297895395724,-25.06326249305238,0.9427033066749573,25.06326249305238,10,
PSNRLoss,0.001,-24.784236596033338,-24.983768287279926,0.940010130405426,24.983768287279926,11,
PSNRLoss,0.001,-24.938455221160808,-25.28196121107602,0.946010947227478,25.28196121107602,12,
PSNRLoss,0.001,-25.170741771565048,-25.509090396529395,0.9488338828086853,25.509090396529395,13,
PSNRLoss,0.001,-25.320905115265628,-25.50996965719453,0.9486839771270752,25.50996965719453,14,
PSNRLoss,0.001,-25.502480287014958,-25.35222939565672,0.946304976940155,25.35222939565672,15,
PSNRLoss,0.001,-25.658310447876957,-25.854774272188227,0.9520432353019714,25.854774272188227,16,
PSNRLoss,0.001,-25.80251380010201,-25.982571798013456,0.9533575177192688,25.982571798013456,17,
PSNRLoss,0.001,-25.894041951156492,-26.04870238879048,0.9542829990386963,26.04870238879048,18,
PSNRLoss,0.001,-25.99780095230798,-26.20327762847251,0.9554763436317444,26.20327762847251,19,
PSNRLoss,0.001,-26.10991496886389,-26.20422586481622,0.9549840092658997,26.20422586481622,20,
PSNRLoss,0.001,-26.214920215248743,-26.189344622564654,0.9554049968719482,26.189344622564654,21,
PSNRLoss,0.001,-26.322680460543797,-26.297512636117055,0.9558298587799072,26.297512636117055,22,
PSNRLoss,0.001,-26.36292991689319,-26.33873648677312,0.9554316401481628,26.33873648677312,23,
PSNRLoss,0.001,-26.47734790065653,-26.410886372234806,0.9575784802436829,26.410886372234806,24,
PSNRLoss,0.001,-26.56696172310264,-26.54280734231286,0.957991361618042,26.54280734231286,25,
PSNRLoss,0.001,-26.65714041477234,-26.592975575873194,0.9588868618011475,26.592975575873194,26,
PSNRLoss,0.001,-26.676471211635395,-26.750050794993733,0.9602609276771545,26.750050794993733,27,
PSNRLoss,0.001,-26.809614227540372,-26.525779548266254,0.9574425220489502,26.525779548266254,28,
PSNRLoss,0.001,-26.80447894190975,-26.691669423529444,0.9587803483009338,26.691669423529444,29,
PSNRLoss,0.001,-26.9415904881168,-26.852048035209062,0.9603790640830994,26.852048035209062,30,
PSNRLoss,0.001,,,,,Final,-26.966955834974623
SmoothL1Loss,0.024,0.24306047891563767,0.19728649465750295,0.48969393968582153,17.57575498405078,1,,,
SmoothL1Loss,0.024,0.16616617512187593,0.15106303141789235,0.6357899904251099,18.713652881324712,2,,,
SmoothL1Loss,0.024,0.13310102197084447,0.12821519380131513,0.7100091576576233,19.244118142635266,3,,,
SmoothL1Loss,0.024,0.11516003718165227,0.12542253159356456,0.7284873723983765,19.03482537235774,4,,,
SmoothL1Loss,0.024,0.10360124579882973,0.11106252894862324,0.7668875455856323,19.398960898108516,5,,,
SmoothL1Loss,0.024,0.09441933589650382,0.0973783734895236,0.7992252111434937,19.828082754256876,6,,,
SmoothL1Loss,0.024,0.08727954047914324,0.09101625336400161,0.8131178617477417,19.983115926701974,7,,,
SmoothL1Loss,0.024,0.08201600582745855,0.08440394974346702,0.8260369896888733,20.202342594768986,8,,,
SmoothL1Loss,0.024,0.07849266798542588,0.08328655721447992,0.8284074068069458,20.224700927734375,9,,,
SmoothL1Loss,0.024,0.07624325152716273,0.08060162942460243,0.8338363766670227,20.34020207452436,10,,,
SmoothL1Loss,0.024,0.07510979355240475,0.08173850345167707,0.8306494951248169,20.27696172565433,11,,,
SmoothL1Loss,0.024,0.07410146091782535,0.08099512222176748,0.8320983648300171,20.293923425336256,12,,,
SmoothL1Loss,0.024,0.07337363798361042,0.0808629257776213,0.8329869508743286,20.30971765180006,13,,,
SmoothL1Loss,0.024,0.07256406978591677,0.07818224875533834,0.8384071588516235,20.449544149087675,14,,,
SmoothL1Loss,0.024,0.07210742318678158,0.0793564940756517,0.8353270888328552,20.383221267808413,15,,,
SmoothL1Loss,0.024,0.07172112186856308,0.07830717808282966,0.8378211855888367,20.44883370230384,16,,,
SmoothL1Loss,0.024,0.07133714075202756,0.07698076540696705,0.8409610986709595,20.517912925557887,17,,,
SmoothL1Loss,0.024,0.07154284195410182,0.078704778395646,0.8367137908935547,20.42805909772291,18,,,
SmoothL1Loss,0.024,0.0709865282541865,0.07657580487165891,0.8415803909301758,20.539318869299922,19,,,
SmoothL1Loss,0.024,0.07033832661867462,0.07785340562357125,0.8388795852661133,20.48442154742302,20,,,
SmoothL1Loss,0.024,0.07007181384767988,0.07850451476819126,0.8372837901115417,20.4386200735755,21,,,
SmoothL1Loss,0.024,0.06997653003532349,0.07673370389016808,0.8407842516899109,20.538612568632086,22,,,
SmoothL1Loss,0.024,0.06995897030023404,0.07908742216990348,0.8364798426628113,20.43218118924621,23,,,
SmoothL1Loss,0.024,0.0690694425514732,0.07712942792485791,0.8405327796936035,20.513821338085418,24,,,
SmoothL1Loss,0.024,0.06931580440827892,0.07737567481842447,0.8396486043930054,20.516103710688597,25,,,
SmoothL1Loss,0.024,0.06901614808904422,0.0765097364519082,0.8415632247924805,20.556682167323768,26,,,
SmoothL1Loss,0.024,0.06845299970987814,0.07641976709801254,0.8421205282211304,20.560133047983157,27,,,
SmoothL1Loss,0.024,0.06863103049430228,0.07572036881184747,0.8434780836105347,20.60147948298894,28,,,
SmoothL1Loss,0.024,0.06836010610569898,0.07558336050797862,0.843596339225769,20.61468039167688,29,,,
SmoothL1Loss,0.024,0.06811067785059,0.07543584965962044,0.8444486856460571,20.621273040771484,30,,,
SmoothL1Loss,0.024,,,,,Final,0.07265954464673996,0.8560512661933899,20.87666700559881
SmoothL1Loss,0.035,0.2618639141261258,0.2223414271964249,0.41496866941452026,16.888453371981356,1,,,
SmoothL1Loss,0.035,0.18497879599438277,0.1672862486002293,0.5946155786514282,18.13563124676968,2,,,
SmoothL1Loss,0.035,0.15020766573641,0.14730401054447426,0.6648005843162537,18.507732641612385,3,,,
SmoothL1Loss,0.035,0.1313667546148754,0.13106046701576693,0.7151339054107666,18.834022237899454,4,,,
SmoothL1Loss,0.035,0.1196266284197489,0.12116317242278275,0.7440038323402405,19.02410199456181,5,,,
SmoothL1Loss,0.035,0.1095027987303427,0.11114353123814502,0.7699590921401978,19.255248604091346,6,,,
SmoothL1Loss,0.035,0.10173308899271584,0.10463958238878994,0.785305380821228,19.402698740046073,7,,,
SmoothL1Loss,0.035,0.09653185236569864,0.11049341745938815,0.7725663185119629,19.060444344865516,8,,,
SmoothL1Loss,0.035,0.09214394891150196,0.09990162579408775,0.7934808731079102,19.422677966719824,9,,,
SmoothL1Loss,0.035,0.08928476598603156,0.09449859798377287,0.805823564529419,19.65975784409976,10,,,
SmoothL1Loss,0.035,0.08724149378970385,0.09557199464939165,0.803418755531311,19.573260638730744,11,,,
SmoothL1Loss,0.035,0.0864996461961768,0.09490394330722221,0.8046107888221741,19.589875322707154,12,,,
SmoothL1Loss,0.035,0.08514632217725863,0.09274022463471332,0.8090712428092957,19.711248411354443,13,,,
SmoothL1Loss,0.035,0.0848388231331957,0.09770433462046563,0.7986716032028198,19.527880445439767,14,,,
SmoothL1Loss,0.035,0.0836817068934201,0.09642292342498793,0.8013768196105957,19.56783173608442,15,,,
SmoothL1Loss,0.035,0.08346148086437112,0.09294834072496874,0.8083772659301758,19.71307835680373,16,,,
SmoothL1Loss,0.035,0.08287566407376416,0.09016856067675225,0.8143433332443237,19.83194437770979,17,,,
SmoothL1Loss,0.035,0.08217524139375373,0.09084130773413265,0.8126102685928345,19.80435379515303,18,,,
SmoothL1Loss,0.035,0.08243952447863111,0.09133400857871306,0.8118255138397217,19.78294183852825,19,,,
SmoothL1Loss,0.035,0.08129090022285726,0.09403005165728272,0.8049250245094299,19.646439477907006,20,,,
SmoothL1Loss,0.035,0.08123429979999168,0.09217086450216617,0.8104811310768127,19.75267358874598,21,,,
SmoothL1Loss,0.035,0.08067036163930759,0.09113530650840583,0.812256395816803,19.805595830822668,22,,,
SmoothL1Loss,0.035,0.08020998727300531,0.09128631175832545,0.8114502429962158,19.78359687074702,23,,,
SmoothL1Loss,0.035,0.08011326808532346,0.08928088204446413,0.8161602020263672,19.883387531794554,24,,,
SmoothL1Loss,0.035,0.07982200868527627,0.09018847502186789,0.8136787414550781,19.840763173204788,25,,,
SmoothL1Loss,0.035,0.07960912454423892,0.08931995056411053,0.8158735036849976,19.88548132713805,26,,,
SmoothL1Loss,0.035,0.07970269560194687,0.09184896848197524,0.8110748529434204,19.77532318466944,27,,,
SmoothL1Loss,0.035,0.0790167091309465,0.08897786201737451,0.8166171312332153,19.901857849553966,28,,,
SmoothL1Loss,0.035,0.07941538119443939,0.08939939586723104,0.8157788515090942,19.87151033658508,29,,,
SmoothL1Loss,0.035,0.07896423063692874,0.08909090832932622,0.8164399862289429,19.89015613041871,30,,,
SmoothL1Loss,0.035,,,,,Final,0.08540622519137078,0.8311684727668762,20.17417468939127
SmoothL1Loss,0.06,0.248045654652825,0.21874285822219036,0.4562760591506958,16.68292639441524,1,,,
SmoothL1Loss,0.06,0.19306458238182694,0.18363436829325155,0.5716876983642578,17.36769716114017,2,,,
SmoothL1Loss,0.06,0.1661067710285532,0.16485470485814074,0.6352654099464417,17.751711574852045,3,,,
SmoothL1Loss,0.06,0.14864795082735632,0.1492137721614212,0.6807761788368225,18.035319010416668,4,,,
SmoothL1Loss,0.06,0.13712473679084242,0.13841555994136115,0.7103806734085083,18.26000419237935,5,,,
SmoothL1Loss,0.06,0.12843451814740975,0.1322278283694957,0.7267309427261353,18.394632265077416,6,,,
SmoothL1Loss,0.06,0.12238715777807836,0.12600096468384384,0.7404819130897522,18.497488082723414,7,,,
SmoothL1Loss,0.06,0.11686737966241849,0.12314957631289536,0.7467266321182251,18.566013484981887,8,,,
SmoothL1Loss,0.06,0.1129116923136302,0.1210227462839573,0.7506541609764099,18.598081399362982,9,,,
SmoothL1Loss,0.06,0.11050541169601855,0.11639880592412982,0.7599005699157715,18.70413009156572,10,,,
SmoothL1Loss,0.06,0.10874908564277692,0.11624775108293439,0.7608150243759155,18.72233448975475,11,,,
SmoothL1Loss,0.06,0.10711724698623448,0.11987850709375761,0.753358006477356,18.570452088159872,12,,,
SmoothL1Loss,0.06,0.10577201313930926,0.11669983355500174,0.7596842050552368,18.669455135967716,13,,,
SmoothL1Loss,0.06,0.10443109844189546,0.11647634538458594,0.7598077058792114,18.739740385231396,14,,,
SmoothL1Loss,0.06,0.10403101973175682,0.11473648453540836,0.7636626958847046,18.79556452297995,15,,,
SmoothL1Loss,0.06,0.10250966718305532,0.11722252259017728,0.7581776976585388,18.652094678675876,16,,,
SmoothL1Loss,0.06,0.10240280194752338,0.1131053385952263,0.7670129537582397,18.81819874513234,17,,,
SmoothL1Loss,0.06,0.10118741865691806,0.11152342397798883,0.7696781754493713,18.875682215318612,18,,,
SmoothL1Loss,0.06,0.10137000411309442,0.11300235294492532,0.7658501863479614,18.821230496075138,19,,,
SmoothL1Loss,0.06,0.10057609276621335,0.11368707181714105,0.7654882669448853,18.790905756307833,20,,,
SmoothL1Loss,0.06,0.09998863877543815,0.1108216053363702,0.7716444730758667,18.923716991505724,21,,,
SmoothL1Loss,0.06,0.09941668427941307,0.11451990630292723,0.7635731101036072,18.827196141506764,22,,,
SmoothL1Loss,0.06,0.09929892750352062,0.11203901308542448,0.7688236236572266,18.906277913573785,23,,,
SmoothL1Loss,0.06,0.09957582073101409,0.11191360853242537,0.7695910930633545,18.902694675093848,24,,,
SmoothL1Loss,0.06,0.09847881912625826,0.11102898408335152,0.7708606719970703,18.911538597539806,25,,,
SmoothL1Loss,0.06,0.09843142529395246,0.11113537216545842,0.7706409692764282,18.924423576246763,26,,,
SmoothL1Loss,0.06,0.09799340836723752,0.10981877005480706,0.7731648087501526,18.96766834394306,27,,,
SmoothL1Loss,0.06,0.09744284306989918,0.11347609166557907,0.7651035189628601,18.809881230618092,28,,,
SmoothL1Loss,0.06,0.09773519519346968,0.11107289273265405,0.7700114250183105,18.924063242919058,29,,,
SmoothL1Loss,0.06,0.09668556133400019,0.11390753148506719,0.7645334005355835,18.842965815929656,30,,,
SmoothL1Loss,0.06,,,,,Final,0.105266324474138,0.7911505103111267,19.22643702981718
SmoothL1Loss,0.006,0.21969053166201863,0.17159209392489272,0.527305006980896,19.05822456982119,1,,,
SmoothL1Loss,0.006,0.14260345144102465,0.12443229504563708,0.6772086024284363,20.583645083380084,2,,,
SmoothL1Loss,0.006,0.10760409769479774,0.10066185907480564,0.7579277753829956,21.271802631675776,3,,,
SmoothL1Loss,0.006,0.08634436219910674,0.08326327549755996,0.8134087920188904,21.709645393046927,4,,,
SmoothL1Loss,0.006,0.07142509666868253,0.07355644189296885,0.843345046043396,21.921467943394436,5,,,
SmoothL1Loss,0.006,0.06141288295617931,0.059576572638982576,0.8765851259231567,22.5145639527774,6,,,
SmoothL1Loss,0.006,0.05401459563992937,0.052343410882332644,0.8922396898269653,22.743472538941294,7,,,
SmoothL1Loss,0.006,0.04820391580202784,0.048133034074137396,0.901207447052002,22.90297734145577,8,,,
SmoothL1Loss,0.006,0.04450322987746457,0.04608896691748436,0.9054468870162964,22.95918969228758,9,,,
SmoothL1Loss,0.006,0.04266749616292862,0.04503299735803554,0.9073616862297058,23.00819245466949,10,,,
SmoothL1Loss,0.006,0.041219443667070796,0.04331886539803752,0.9108943343162537,23.168900050170034,11,,,
SmoothL1Loss,0.006,0.04056956108669493,0.04269826406916828,0.9121087193489075,23.226025466377852,12,,,
SmoothL1Loss,0.006,0.0397006065906812,0.04193650913946595,0.9136015772819519,23.291532421788425,13,,,
SmoothL1Loss,0.006,0.039200468530663696,0.04193562987848377,0.9135487079620361,23.297331451524233,14,,,
SmoothL1Loss,0.006,0.038812085404372886,0.041990726763475025,0.913293719291687,23.302521820609453,15,,,
SmoothL1Loss,0.006,0.0385010740857062,0.041257358083488245,0.9150842428207397,23.362431343565596,16,,,
SmoothL1Loss,0.006,0.03830406438539319,0.04100250485782505,0.9157587289810181,23.399606474747895,17,,,
SmoothL1Loss,0.006,0.037825627671929214,0.04155175309918874,0.9148375391960144,23.344651891830118,18,,,
SmoothL1Loss,0.006,0.037762564324821286,0.04433658104786213,0.9090771675109863,23.011040599633617,19,,,
SmoothL1Loss,0.006,0.037467163805188185,0.04177654542504473,0.9144679307937622,23.334951887739464,20,,,
SmoothL1Loss,0.006,0.03710148106741122,0.04117698983309117,0.9154289364814758,23.389730101781534,21,,,
SmoothL1Loss,0.006,0.03748193849627198,0.04063366290102614,0.9169528484344482,23.44807889951882,22,,,
SmoothL1Loss,0.006,0.03696168540420146,0.04052407923319661,0.9170761704444885,23.477376383247105,23,,,
SmoothL1Loss,0.006,0.036647933178229244,0.04201939023027183,0.9139329195022583,23.32700512933393,24,,,
SmoothL1Loss,0.006,0.037082486129278475,0.04065058937837891,0.9166893362998962,23.444934479733732,25,,,
SmoothL1Loss,0.006,0.03639363444812256,0.04035086112083695,0.9172781705856323,23.504646450069778,26,,,
SmoothL1Loss,0.006,0.03606651501914851,0.04170383178754478,0.9144315123558044,23.39167651724308,27,,,
SmoothL1Loss,0.006,0.036206301464012575,0.04008763460508475,0.9177988767623901,23.539073240672444,28,,,
SmoothL1Loss,0.006,0.03597435541201293,0.03977399139750934,0.9187358021736145,23.546357121027953,29,,,
SmoothL1Loss,0.006,0.03603344372955548,0.04311032483605205,0.9119173288345337,23.186587922116544,30,,,
SmoothL1Loss,0.006,,,,,Final,0.04161369122330918,0.9184123277664185,23.509256328702506
SmoothL1Loss,8,0.22985916479862728,0.19846953859830158,0.4280681610107422,18.25552273811178,1,,,
SmoothL1Loss,8,0.18926184190232456,0.15187506653791202,0.5223538875579834,20.155921367888755,2,,,
SmoothL1Loss,8,0.11563669426002147,0.09697440529493152,0.6165974736213684,22.240938166354564,3,,,
SmoothL1Loss,8,0.08330851578061287,0.07678575737150849,0.6463342308998108,22.766918899319695,4,,,
SmoothL1Loss,8,0.0663265473791086,0.06203730249156555,0.6703389883041382,23.12158957948076,5,,,
SmoothL1Loss,8,0.05516568057728437,0.05292244456338544,0.6483705639839172,23.180459793577803,6,,,
SmoothL1Loss,8,0.04708014047347588,0.0461413863029146,0.6111241579055786,23.09751219783269,7,,,
SmoothL1Loss,8,0.041994712957188526,0.04235659442604222,0.6450411677360535,23.03393871902574,8,,,
SmoothL1Loss,8,0.0362581539944054,0.03479813628479944,0.8817770481109619,24.260323010437876,9,,,
SmoothL1Loss,8,0.031745570948991636,0.03144686444537014,0.9291428923606873,24.862261129609237,10,,,
SmoothL1Loss,8,0.029060361479925887,0.029890360654140195,0.936698853969574,25.074306569200882,11,,,
SmoothL1Loss,8,0.02762926703234061,0.02977194394652091,0.9371613264083862,25.116807842931003,12,,,
SmoothL1Loss,8,0.026328843143136906,0.028794293318287277,0.9385945796966553,25.192932088324365,13,,,
SmoothL1Loss,8,0.0257012448323536,0.028626852615980816,0.938367486000061,25.196039551538778,14,,,
SmoothL1Loss,8,0.025292328937133977,0.02840795495435067,0.9387833476066589,25.211727507570956,15,,,
SmoothL1Loss,8,0.025197984515901543,0.027808265879433205,0.9395756721496582,25.30485591482609,16,,,
SmoothL1Loss,8,0.024349383016094444,0.02671345615931225,0.9421788454055786,25.471534756058496,17,,,
SmoothL1Loss,8,0.02445507503361828,0.02775241243686025,0.9390302300453186,25.281332976429177,18,,,
SmoothL1Loss,8,0.02404144980467796,0.029356236734711532,0.9358372092247009,25.16091760675958,19,,,
SmoothL1Loss,8,0.024020963603126298,0.027363250818077132,0.9398388266563416,25.383272008692966,20,,,
SmoothL1Loss,8,0.023672247616369428,0.027075535069543417,0.9407259225845337,25.405536800411575,21,,,
SmoothL1Loss,8,0.0233532817879487,0.028088466832348218,0.9385861754417419,25.313525193126488,22,,,
SmoothL1Loss,8,0.023375820583256896,0.026257520019743883,0.9422898888587952,25.592553186078444,23,,,
SmoothL1Loss,8,0.02291953051088243,0.027563627723419498,0.939240574836731,25.387475561588367,24,,,
SmoothL1Loss,8,0.022906454138947156,0.026635139037901205,0.9420664310455322,25.522069295247395,25,,,
SmoothL1Loss,8,0.02283734531483885,0.0276002838666029,0.9397010803222656,25.312528894302694,26,,,
SmoothL1Loss,8,0.02267044742564214,0.026548014709342878,0.9427329897880554,25.600723483038287,27,,,
SmoothL1Loss,8,0.022401125859419238,0.025907072780244317,0.9435921907424927,25.651710848436288,28,,,
SmoothL1Loss,8,0.022564775668753777,0.026072680527436817,0.9437611699104309,25.6430941372053,29,,,
SmoothL1Loss,8,0.02213731829211835,0.026124868878817306,0.9431980848312378,25.666545543264835,30,,,
SmoothL1Loss,8,,,,,Final,0.024411759406094326,0.9490611553192139,26.111255483242427
SmoothL1Loss,4,0.24837218068200526,0.20632669070722365,0.40700846910476685,16.885119035734352,1,,,
SmoothL1Loss,4,0.18279266912719838,0.1699367659893019,0.47251302003860474,17.548095395379033,2,,,
SmoothL1Loss,4,0.15045726034620494,0.14486546732538136,0.5253616571426392,17.866603330517492,3,,,
SmoothL1Loss,4,0.131673631495509,0.13498128194969597,0.5260581970214844,17.87278611271094,4,,,
SmoothL1Loss,4,0.12259009305697344,0.12306125430350608,0.5290884971618652,17.94354729280404,5,,,
SmoothL1Loss,4,0.11518206619145724,0.1162608581601728,0.5162946581840515,17.9643552556951,6,,,
SmoothL1Loss,4,0.11032164367490097,0.1138901061358604,0.5187572240829468,17.912336237887118,7,,,
SmoothL1Loss,4,0.10528617850617174,0.10638625919818878,0.7790625095367432,19.244197716949678,8,,,
SmoothL1Loss,4,0.09778805690300689,0.10829563127130482,0.7745457291603088,19.13080363577985,9,,,
SmoothL1Loss,4,0.09511146025267747,0.10691841335055675,0.7774584889411926,19.306046803792317,10,,,
SmoothL1Loss,4,0.09424693675726732,0.09723192720231436,0.7978547811508179,19.517123269696608,11,,,
SmoothL1Loss,4,0.09309875566622207,0.09765679463215754,0.797121524810791,19.492049670388514,12,,,
SmoothL1Loss,4,0.09254222784201357,0.09708642822208134,0.797745406627655,19.51066259965829,13,,,
SmoothL1Loss,4,0.09167337655302027,0.09817411766407337,0.7954661250114441,19.466009038559935,14,,,
SmoothL1Loss,4,0.09157855630959646,0.09739859161753181,0.7973325848579407,19.50194646957073,15,,,
SmoothL1Loss,4,0.09067878870658037,0.09716632661033184,0.7977998852729797,19.508893053582373,16,,,
SmoothL1Loss,4,0.08993969519120758,0.0969807301641356,0.7981268167495728,19.52321097191344,17,,,
SmoothL1Loss,4,0.09017377281336778,0.09893285789599655,0.7943084239959717,19.45718142326842,18,,,
SmoothL1Loss,4,0.08955667031074976,0.09819070236585664,0.7962182760238647,19.48985640884291,19,,,
SmoothL1Loss,4,0.08890535116155729,0.09573392998030845,0.8006676435470581,19.56964419750457,20,,,
SmoothL1Loss,4,0.08877076492232867,0.09900082420584158,0.7935147285461426,19.440928398294652,21,,,
SmoothL1Loss,4,0.08829899825375458,0.09666544674558843,0.7986663579940796,19.534989214958028,22,,,
SmoothL1Loss,4,0.08822688626639805,0.09597005737377397,0.799570620059967,19.55264702925445,23,,,
SmoothL1Loss,4,0.08755162699852169,0.09652017202254728,0.7989761829376221,19.54411024404756,24,,,
SmoothL1Loss,4,0.08734996381637718,0.09619227284235311,0.799308180809021,19.549401066827436,25,,,
SmoothL1Loss,4,0.08706427527836277,0.09793720555537981,0.795947253704071,19.466081416353266,26,,,
SmoothL1Loss,4,0.08705572028901558,0.0967609018932843,0.797659158706665,19.51424855036093,27,,,
SmoothL1Loss,4,0.08677719614341176,0.09810185696639068,0.7957959175109863,19.49355960061364,28,,,
SmoothL1Loss,4,,,,,Final,0.0982989458860036,0.8015506267547607,19.61285521417455
SmoothL1Loss,6,0.17820887525763174,0.13378316304045365,0.6679399013519287,19.748545491103584,1,,,
SmoothL1Loss,6,0.11626961415798351,0.1080498014781492,0.7518091201782227,20.388521769368058,2,,,
SmoothL1Loss,6,0.09588678667057136,0.09230822817495106,0.7993044257164001,20.837357994512463,3,,,
SmoothL1Loss,6,0.0838802816151534,0.08435414134399265,0.8229421377182007,20.933947502298558,4,,,
SmoothL1Loss,6,0.07410255268755452,0.07277037596977348,0.850121796131134,21.349281060780193,5,,,
SmoothL1Loss,6,0.06690568138842769,0.06901111031043614,0.8585290312767029,21.40604848388239,6,,,
SmoothL1Loss,6,0.06212217310298704,0.06347010288625321,0.8699691295623779,21.644687530842234,7,,,
SmoothL1Loss,6,0.05866355066444855,0.07120335520846201,0.8539682030677795,21.093621138985274,8,,,
SmoothL1Loss,6,0.05638246850457652,0.058986248844798576,0.8788434267044067,21.811479676699808,9,,,
SmoothL1Loss,6,0.05492329018704853,0.0610552265288982,0.8745996952056885,21.658931421049942,10,,,
SmoothL1Loss,6,0.05430468863460557,0.057897226158397416,0.8809452056884766,21.890244571875172,11,,,
SmoothL1Loss,6,0.0530021612609839,0.05855826845934205,0.8792620301246643,21.835739852688835,12,,,
SmoothL1Loss,6,0.052683097153063116,0.05840575636912745,0.8795799612998962,21.861055401200097,13,,,
SmoothL1Loss,6,0.05205324730129248,0.059192342142052684,0.8783915042877197,21.774155501778242,14,,,
SmoothL1Loss,6,0.05171782408039467,0.05714164634651326,0.882312536239624,21.93735800398157,15,,,
SmoothL1Loss,6,0.05121899079581368,0.05710150203700607,0.8823512196540833,21.955811223239763,16,,,
SmoothL1Loss,6,0.05121606104974772,0.05642100016698769,0.8841083645820618,21.99030747650363,17,,,
SmoothL1Loss,6,0.050648119395483915,0.05669745894030054,0.8832956552505493,21.982772123729085,18,,,
SmoothL1Loss,6,0.05032145460673056,0.05619132118497757,0.8841122388839722,22.028451486682215,19,,,
SmoothL1Loss,6,0.050075445459012054,0.05628426945008708,0.8839541077613831,22.008137736760133,20,,,
SmoothL1Loss,6,0.04966809540667419,0.0568549865658613,0.8828185796737671,21.98197324225243,21,,,
SmoothL1Loss,6,0.04935988681465787,0.05716660144534094,0.8822014927864075,21.967713322199828,22,,,
SmoothL1Loss,6,0.04930826227103258,0.055735696041097876,0.885286271572113,22.056885076752792,23,,,
SmoothL1Loss,6,0.04902603897208663,0.0553585705710641,0.8858270645141602,22.085551228083617,24,,,
SmoothL1Loss,6,0.04902280622409112,0.055169901803981326,0.8862247467041016,22.112658710344462,25,,,
SmoothL1Loss,6,0.04859907139622015,0.055577371375146484,0.8853489756584167,22.083715073605802,26,,,
SmoothL1Loss,6,0.04834736267419347,0.05527823428947029,0.8859890103340149,22.088868377901985,27,,,
SmoothL1Loss,6,0.048164109317411045,0.05796152207974001,0.8805994391441345,21.933153490648202,28,,,
SmoothL1Loss,6,0.04835726644833829,0.05493431840858138,0.8867011070251465,22.12880625623338,29,,,
SmoothL1Loss,6,0.0478184710708684,0.05471441394101221,0.8872390389442444,22.13848222232034,30,,,
SmoothL1Loss,6,,,,,Final,0.052230133002648976,0.8970081806182861,22.44337607926852
SmoothL1Loss,10,0.15653134335017196,0.11086320865846483,0.502337634563446,20.896305036882982,1,,,
SmoothL1Loss,10,0.08920150731587857,0.07522612604715512,0.6080046892166138,23.156288471627743,2,,,
SmoothL1Loss,10,0.06140547265465953,0.05445295884042767,0.6312990188598633,24.08614775136853,3,,,
SmoothL1Loss,10,0.045538630581213706,0.041672472637278815,0.6502456665039062,24.64679790388608,4,,,
SmoothL1Loss,10,0.0353654138431772,0.034878131761777065,0.6421241164207458,24.067582847378777,5,,,
SmoothL1Loss,10,0.028077088546097757,0.025108186220948365,0.6956148147583008,25.46054497509138,6,,,
SmoothL1Loss,10,0.022638890973414635,0.021118692188451055,0.7321984767913818,25.62110374328938,7,,,
SmoothL1Loss,10,0.019496008200725744,0.01811252681353519,0.8248741030693054,26.57444953242092,8,,,
SmoothL1Loss,10,0.016799991730046298,0.019338588976690954,0.8766195178031921,25.782911679423446,9,,,
SmoothL1Loss,10,0.015539930369979615,0.016406010717470595,0.9110512137413025,27.087589061006586,10,,,
SmoothL1Loss,10,0.014568586686461285,0.015767609750099006,0.9327998161315918,27.38108484795753,11,,,
SmoothL1Loss,10,0.013730403979685927,0.013963227137157046,0.9485873579978943,27.934216715765338,12,,,
SmoothL1Loss,10,0.013286645939303987,0.014206896536052227,0.9567045569419861,28.156619971525586,13,,,
SmoothL1Loss,10,0.012750967769027156,0.015031287862740933,0.9626038074493408,28.059920263628587,14,,,
SmoothL1Loss,10,0.012580235973724612,0.013196797341319686,0.9668117165565491,28.616239628893265,15,,,
SmoothL1Loss,10,0.011763617832053843,0.01272734596744074,0.968755841255188,28.915612917419868,16,,,
SmoothL1Loss,10,0.012124076145438941,0.017674670472133454,0.9584500193595886,27.256063542467484,17,,,
SmoothL1Loss,10,0.011616186784385597,0.013078920366506734,0.9687089323997498,28.956412511514433,18,,,
SmoothL1Loss,10,0.011245223670453832,0.012220618608969112,0.9711072444915771,29.219499885613192,19,,,
SmoothL1Loss,10,0.010900725132408714,0.012182405068215432,0.971698522567749,29.340316069041585,20,,,
SmoothL1Loss,10,0.011067750558491806,0.011891247409045801,0.9723272919654846,29.428622739534852,21,,,
SmoothL1Loss,10,0.010459735498940897,0.012373391438130262,0.9715250134468079,29.343797873097955,22,,,
SmoothL1Loss,10,0.010406581648118574,0.01150400781548245,0.9734713435173035,29.592101983144772,23,,,
SmoothL1Loss,10,0.010451300164569799,0.012672137067791946,0.9715592861175537,29.293918163218397,24,,,
SmoothL1Loss,10,0.010140585960900216,0.011324441352700616,0.9745110273361206,29.739446788814895,25,,,
SmoothL1Loss,10,0.009977352158129015,0.011331906093033493,0.9742382764816284,29.78427951893908,26,,,
SmoothL1Loss,10,0.009789858088296795,0.011485533214154397,0.9742289781570435,29.682521089594413,27,,,
SmoothL1Loss,10,0.00981053990878704,0.011066039082931077,0.975438117980957,29.970158367292257,28,,,
SmoothL1Loss,10,0.009712144975605403,0.011573561784276303,0.9745869040489197,29.689016369217676,29,,,
SmoothL1Loss,10,0.009539434137933915,0.011507445822489705,0.9747375845909119,29.882061369875643,30,,,
SmoothL1Loss,10,,,,,Final,0.011383893342078935,0.9758734703063965,30.126113096160203
SmoothL1Loss,,0.20968642356448455,0.166339012232761,0.5750914812088013,18.852369558726643,1,,,
SmoothL1Loss,,0.14150403129391312,0.12614298560359377,0.7021045088768005,20.025702591483476,2,,,
SmoothL1Loss,,0.2542218938070392,0.2246463889163648,0.36399132013320923,17.175523017315154,1,,,
SmoothL1Loss,,0.2263913757240165,0.20313802373377568,0.41691291332244873,17.791906678084786,2,,,
SmoothL1Loss,,0.20823684579944962,0.16044994891482464,0.5917212963104248,19.18206771891168,1,,,
SmoothL1Loss,,0.14308313639390086,0.12170106572832198,0.7081378698348999,20.395305369762664,2,,,
SmoothL1Loss,,,,,,Final,0.12360158669574378,0.7128533720970154,19.987712937085618
SmoothL1Loss,,0.25885450514407965,0.2223278815917512,0.3410103917121887,16.86738169108722,1,,,
SmoothL1Loss,,0.20886638401021268,0.180919580029469,0.5379880666732788,18.25973406582014,2,,,
SmoothL1Loss,,0.146350135757081,0.12655117089285495,0.6882991194725037,19.94930297094034,3,,,
SmoothL1Loss,,0.11411612246175554,0.1045267079289712,0.7567360997200012,20.782835737187813,4,,,
SmoothL1Loss,,0.08919961330538301,0.09030728109497974,0.7996516227722168,21.180470770977912,5,,,
SmoothL1Loss,,0.07857255687832274,0.07689592995885627,0.8352361917495728,21.910553316698007,6,,,
SmoothL1Loss,,0.06621670652300758,0.06891554800119806,0.8537324070930481,22.053118184948644,7,,,
SmoothL1Loss,,0.06626959247190016,0.0632396262297605,0.8665733337402344,22.32907286434309,8,,,
SmoothL1Loss,,0.06161978282034397,0.059003906496239045,0.875196099281311,22.542521713473274,9,,,
SmoothL1Loss,,0.05133980533342818,0.055783518319222944,0.8816197514533997,22.784571221534243,10,,,
SmoothL1Loss,,0.054384602029026355,0.05559462898721298,0.8818603157997131,22.62321265876716,11,,,
SmoothL1Loss,,0.05179320687762694,0.05146916252263683,0.8900080323219299,23.05773442856809,12,,,
SmoothL1Loss,,0.046765977491801926,0.052430852791888916,0.8873283863067627,23.02857896791282,13,,,
SmoothL1Loss,,0.048888042921215374,0.05246928717333374,0.8867324590682983,22.89117997081567,14,,,
SmoothL1Loss,,0.05429388257617446,0.04993157564325536,0.8931469321250916,23.129232541889163,15,,,
SmoothL1Loss,,0.04858037793694249,0.05058309074544103,0.8904708623886108,23.01231903725482,16,,,
SmoothL1Loss,,0.048035230440145044,0.04886960067145579,0.8939028382301331,23.214970270792644,17,,,
SmoothL1Loss,,0.04680269123641799,0.04776447911660933,0.896223783493042,23.273532407503602,18,,,
SmoothL1Loss,,0.04598273549618414,0.04843781843570107,0.895141065120697,23.2697285050196,19,,,
SmoothL1Loss,,0.04900033622430812,0.047251825465272505,0.8980969190597534,23.398750034629877,20,,,
SmoothL1Loss,,0.042829164451152965,0.047544855994324314,0.8969702124595642,23.474501075474084,21,,,
SmoothL1Loss,,0.053355691535023834,0.04715877477449517,0.8981747031211853,23.361510053594063,22,,,
SmoothL1Loss,,0.043326278421878014,0.04686736071759716,0.898705780506134,23.53506853901748,23,,,
SmoothL1Loss,,0.04642630348496399,0.04977505728734512,0.8928011059761047,23.30666812599128,24,,,
SmoothL1Loss,,0.04615307832261593,0.0463884492992615,0.8998271822929382,23.524011219646916,25,,,
SmoothL1Loss,,0.04333785868651825,0.046965975406850484,0.8981696367263794,23.59120930340273,26,,,
SmoothL1Loss,,0.048677621099688415,0.046180213530752676,0.900367021560669,23.588856514464034,27,,,
SmoothL1Loss,,0.04133087472775427,0.04583267106654796,0.9007824063301086,23.71046999667553,28,,,
SmoothL1Loss,,0.04296452222996199,0.04511220660060644,0.9027511477470398,23.61879431271384,29,,,
SmoothL1Loss,,0.04671176516228723,0.04596829108550405,0.9010221362113953,23.6813021450178,30,,,
SmoothL1Loss,,,,,,Final,0.04233424402689854,0.9122216701507568,23.744747495437416
SmoothL1Loss,0.035,0.02112053934517179,0.008221374152571702,0.6699616312980652,18.33063732985909,1,,,
SmoothL1Loss,0.035,0.007371001190258734,0.007103745581199091,0.714844822883606,18.806198187753665,2,,,
SmoothL1Loss,0.035,0.00665742212696745,0.00665655817195826,0.7328202724456787,18.981487098315082,3,,,
SmoothL1Loss,0.035,0.006231013335594683,0.007120325827825788,0.7141127586364746,18.692918473101678,4,,,
SmoothL1Loss,0.035,0.006097325387263506,0.0063623949069635454,0.7446578741073608,19.12350359707014,5,,,
SmoothL1Loss,0.035,0.005924031264510695,0.006288501869966375,0.7475841045379639,19.194850407593638,6,,,
SmoothL1Loss,0.035,0.005855523114749318,0.006148470199092272,0.753239631652832,19.300566490660323,7,,,
SmoothL1Loss,0.035,0.0057874141309670005,0.00729671129560534,0.7070437669754028,18.900988213559415,8,,,
SmoothL1Loss,0.035,0.0056853255587217995,0.006042123702850113,0.757457971572876,19.377117691310584,9,,,
SmoothL1Loss,0.035,0.005565828663089759,0.0059599708303386435,0.760740339756012,19.418332891261326,10,,,
SmoothL1Loss,0.035,0.00557201666022144,0.006090291902911684,0.7555040717124939,19.32197806175719,11,,,
SmoothL1Loss,0.035,0.005505480437761737,0.00650712479639085,0.7387600541114807,19.045594370956962,12,,,
SmoothL1Loss,0.035,0.005485463097826365,0.0057671917718009535,0.7685028314590454,19.552736214712155,13,,,
SmoothL1Loss,0.035,0.00540556243324937,0.006041038844153179,0.7575302124023438,19.360965295886317,14,,,
SmoothL1Loss,0.035,0.005425172279920959,0.005789302935136865,0.7676001787185669,19.55530351949922,15,,,
SmoothL1Loss,0.035,0.0053888975658851,0.005759945043514595,0.768792986869812,19.585455292505575,16,,,
SmoothL1Loss,0.035,0.005371064096864003,0.005691264128537043,0.771560788154602,19.61586842638381,17,,,
SmoothL1Loss,0.035,0.005301853037319438,0.005673598192618988,0.7722723484039307,19.637942889058,18,,,
SmoothL1Loss,0.035,0.0052969570005757,0.006482187934312309,0.7397252321243286,19.19144387617179,19,,,
SmoothL1Loss,0.035,0.0052844983614212145,0.005693319159500459,0.7714842557907104,19.621375604724207,20,,,
SmoothL1Loss,0.035,0.005237057781341328,0.005649161156834968,0.7732354402542114,19.662017849320215,21,,,
SmoothL1Loss,0.035,0.005260896986355411,0.005746070234474878,0.7693246603012085,19.597191249225155,22,,,
SmoothL1Loss,0.035,0.005207178520598017,0.005755025057901516,0.7689744234085083,19.617655517361687,23,,,
SmoothL1Loss,0.035,0.005223124303003578,0.005705886053132778,0.7709582448005676,19.615735101361647,24,,,
SmoothL1Loss,0.035,0.005187281808471332,0.005765004714303617,0.7686103582382202,19.57357219939536,25,,,
SmoothL1Loss,0.035,0.005200926042798577,0.0056697032496940795,0.7723958492279053,19.63812050244487,26,,,
SmoothL1Loss,0.035,0.005127217685841224,0.0055582372154644195,0.7768890857696533,19.710203955359493,27,,,
SmoothL1Loss,0.035,0.005120800484730874,0.00572210980632098,0.7702839970588684,19.633907027278386,28,,,
SmoothL1Loss,0.035,0.005100401183003535,0.005729692695820902,0.7699896097183228,19.632218611155842,29,,,
SmoothL1Loss,0.035,0.005124070950978543,0.005582444668674828,0.7759259343147278,19.713430668445344,30,,,
SmoothL1Loss,0.035,,,,,Final,0.005311543438291269,0.7950722575187683,20.044132125751855
SmoothL1Loss,,0.24932656105577786,0.20186690375842947,0.4797252416610718,17.640037218729656,1,,,
SmoothL1Loss,,0.168526008395583,0.14861447118381235,0.643237829208374,19.252620582039473,2,,,
SmoothL1Loss,,0.133534664577797,0.12414773910286579,0.7182592153549194,19.941784933103737,3,,,
SmoothL1Loss,,0.11289563684177463,0.10971398770492127,0.7626023888587952,20.32813938627852,4,,,
SmoothL1Loss,,0.09658820001812947,0.09400109961259027,0.8025719523429871,20.821840969383295,5,,,
SmoothL1Loss,,0.08658872249638587,0.09149477739177697,0.8099155426025391,20.799911850733114,6,,,
SmoothL1Loss,,0.08156214533099061,0.08012475399630713,0.8352059125900269,21.09296477432792,7,,,
SmoothL1Loss,,0.07731944286631515,0.07351764932221977,0.8488729596138,21.412027020826407,8,,,
SmoothL1Loss,,0.06920106318497146,0.07299200321237247,0.8493467569351196,21.480005751264855,9,,,
SmoothL1Loss,,0.07016512755574233,0.07000107858462114,0.855721116065979,21.585975214099207,10,,,
SmoothL1Loss,,0.06928548948894238,0.07227404305962383,0.85039222240448,21.426855263135113,11,,,
SmoothL1Loss,,0.0706121064722538,0.06783252048259931,0.8603715896606445,21.673417341624592,12,,,
SmoothL1Loss,,0.06857104911081913,0.06752631650801669,0.8607338666915894,21.751828700938123,13,,,
SmoothL1Loss,,0.0644671601260795,0.06823274967465418,0.859031081199646,21.738520142034435,14,,,
SmoothL1Loss,,0.06872487802747587,0.0652191955992516,0.8659723997116089,21.899202576765777,15,,,
SmoothL1Loss,,0.06465190320448005,0.06543080190341946,0.865068256855011,21.998545775176787,16,,,
SmoothL1Loss,,0.06639884130145365,0.06800566069411894,0.8591652512550354,21.82304452666154,17,,,
SmoothL1Loss,,0.06290063982574774,0.061410880152215346,0.8739044666290283,22.12991126040195,18,,,
SmoothL1Loss,,0.06393428705632687,0.061786075419885046,0.8729801177978516,22.19961192083697,19,,,
SmoothL1Loss,,0.06768006336533193,0.06307180303789622,0.8700690865516663,22.142169952392578,20,,,
SmoothL1Loss,,0.057935868237597055,0.06447022432025443,0.8678048253059387,22.04827249134686,21,,,
SmoothL1Loss,,0.058799013490451565,0.063007500458588,0.8702057600021362,22.192617443436426,22,,,
SmoothL1Loss,,0.0553379730289008,0.0629627609374464,0.8703206181526184,22.268672875478757,23,,,
SmoothL1Loss,,0.06398240906303754,0.06272407422991509,0.8707464933395386,22.24048829585948,24,,,
SmoothL1Loss,,0.06297744367641195,0.06288215955256993,0.870549201965332,22.21985392198495,25,,,
SmoothL1Loss,,0.0597124535530486,0.061199638688712255,0.8739041686058044,22.309663231491196,26,,,
SmoothL1Loss,,0.06256726660813147,0.06198681102312626,0.8725321888923645,22.26069278581768,27,,,
SmoothL1Loss,,0.05994687823643633,0.06025495026128512,0.8761126399040222,22.406075917237192,28,,,
SmoothL1Loss,,0.06239553327215261,0.06235114277624492,0.8718153238296509,22.221051966890375,29,,,
SmoothL1Loss,,0.058796938513742694,0.06279408469373453,0.8706631064414978,22.086059015693394,30,,,
SmoothL1Loss,,,,,,Final,0.059400977378903215,0.8830255270004272,22.179949816032376
PSNRLoss,0.01,-13.630910328182395,-16.462037509214795,0.6309888362884521,19.222737170280293,1,,,
PSNRLoss,0.01,-15.883821533448575,-17.559544816930245,0.7466332912445068,20.320244532104926,2,,,
PSNRLoss,0.01,-17.087235468642003,-18.139459535585228,0.8037787675857544,20.900159477342104,3,,,
PSNRLoss,0.01,-17.766322532224272,-18.47315402064763,0.8380773663520813,21.23385375273143,4,,,
PSNRLoss,0.01,-18.261149581571686,-18.59845156703435,0.8539756536483765,21.35915123824532,5,,,
PSNRLoss,0.01,-18.591843521946558,-18.853513122450376,0.8695393800735474,21.614212820715938,6,,,
PSNRLoss,0.01,-18.87010248097274,-18.92504740099535,0.8755059242248535,21.68574741715235,7,,,
PSNRLoss,0.01,-19.03683296668945,-19.10536603048338,0.8812500238418579,21.86606606016768,8,,,
PSNRLoss,0.01,-19.182653594592303,-19.12365250553645,0.8824835419654846,21.88435236612956,9,,,
PSNRLoss,0.01,-19.237521841442938,-19.213848675396427,0.8854362368583679,21.974548353371045,10,,,
PSNRLoss,0.01,-19.325777877112177,-19.254356884787267,0.8859909772872925,22.015056610107422,11,,,
PSNRLoss,0.01,-19.361129196974932,-19.266106294401993,0.8861117362976074,22.026806080594977,12,,,
PSNRLoss,0.01,-19.4190757012559,-19.35740673119295,0.8888612389564514,22.118106666186176,13,,,
PSNRLoss,0.01,-19.45171786888675,-19.365456973407284,0.8887417316436768,22.126156651381905,14,,,
PSNRLoss,0.01,-19.476282165772794,-19.354275358484145,0.8885728120803833,22.11497505674971,15,,,
PSNRLoss,0.01,-19.50802846121085,-19.38694756419946,0.889650285243988,22.147647451847156,16,,,
PSNRLoss,0.01,-19.546455489406636,-19.405486160981738,0.8895044922828674,22.16618592012013,17,,,
PSNRLoss,0.01,-19.54434656905105,-19.151849760231396,0.8840253353118896,21.912549526133436,18,,,
PSNRLoss,0.01,-19.583115674854923,-19.29313270081865,0.8861280083656311,22.053832588466346,19,,,
PSNRLoss,0.01,-19.56831704132039,-19.407613280817127,0.8897646069526672,22.168313073773756,20,,,
PSNRLoss,0.01,-19.616881044556564,-19.409062493777444,0.8898456692695618,22.16976226644313,21,,,
PSNRLoss,0.01,-19.62469229301882,-19.318501736255403,0.8877127170562744,22.07920142099367,22,,,
PSNRLoss,0.01,-19.643216857961292,-19.47133137317414,0.8916813135147095,22.232031084966998,23,,,
PSNRLoss,0.01,-19.65396017427419,-19.440299717247065,0.8908966183662415,22.200999564312873,24,,,
PSNRLoss,0.01,-19.6588142423144,-19.424662333008246,0.8899140357971191,22.185361916291797,25,,,
PSNRLoss,0.01,-19.68923756648005,-19.52369318617151,0.8924818634986877,22.284392985891788,26,,,
PSNRLoss,0.01,-19.726961437562835,-19.53898425812417,0.8929591774940491,22.299683969917027,27,,,
PSNRLoss,0.01,-19.749121140538847,-19.471077242641584,0.890195906162262,22.231777001779975,28,,,
PSNRLoss,0.01,-19.73479780498842,-19.450711656124035,0.8906511068344116,22.211411577589967,29,,,
PSNRLoss,0.01,-19.749350228194576,-19.535211211400675,0.8926082253456116,22.295910950248125,30,,,
PSNRLoss,0.01,,,,,Final,-19.841761563390893,0.901618480682373,22.602461297415832
PSNRLoss,0.001,-14.441783593103649,-19.32345479599973,0.7087739706039429,22.08415478172032,1,,,
PSNRLoss,0.001,-18.32565856810869,-21.493929413193506,0.8368421792984009,24.254630027933324,2,,,
PSNRLoss,0.001,-20.117962991903678,-22.259675090194595,0.8844895362854004,25.02037556289781,3,,,
PSNRLoss,0.001,-21.20350570525305,-23.098843804487945,0.913813591003418,25.859544429373233,4,,,
PSNRLoss,0.001,-21.89564881311984,-23.3249024262665,0.9287465810775757,26.08560318642474,5,,,
PSNRLoss,0.001,-22.557070431696506,-23.89947586871208,0.9417464137077332,26.660176926470818,6,,,
PSNRLoss,0.001,-23.11184082338062,-24.052543734827786,0.9492191076278687,26.813244582913445,7,,,
PSNRLoss,0.001,-23.607021567009728,-24.40530482758867,0.955664336681366,27.166005858292817,8,,,
PSNRLoss,0.001,-23.88747868269442,-24.437557761550796,0.9585485458374023,27.198258609636454,9,,,
PSNRLoss,0.001,-24.202869921523188,-24.796228726704914,0.9618493914604187,27.556929743881767,10,,,
PSNRLoss,0.001,-24.410545804225727,-24.58974869369615,0.9616549611091614,27.350449582363698,11,,,
PSNRLoss,0.001,-24.58719975315534,-24.97955139647139,0.9649733304977417,27.740252285138936,12,,,
PSNRLoss,0.001,-24.81257651127056,-25.108221872478513,0.9656116962432861,27.868923173728565,13,,,
PSNRLoss,0.001,-24.96161686894721,-25.257972852558108,0.9671024084091187,28.018674052353447,14,,,
PSNRLoss,0.001,-24.977421300340914,-25.1620987966551,0.9651818871498108,27.92280025346905,15,,,
PSNRLoss,0.001,-25.072349172495006,-25.384790244677387,0.9669764041900635,28.14549143094543,16,,,
PSNRLoss,0.001,-25.171344516743922,-25.370176315307617,0.9675444960594177,28.13087750157566,17,,,
PSNRLoss,0.001,-25.248467839115747,-25.457646146733712,0.9680919051170349,28.21834756296577,18,,,
PSNRLoss,0.001,-25.30124548740745,-25.276258157500138,0.9666001796722412,28.036959519623018,19,,,
PSNRLoss,0.001,-25.27456644329245,-25.502258490163385,0.9677908420562744,28.26296012283217,20,,,
PSNRLoss,0.001,-25.341195400534623,-25.644918022426307,0.9693455100059509,28.405619709204274,21,,,
PSNRLoss,0.001,-25.422137564692356,-25.321614975624897,0.9670934677124023,28.082316391856956,22,,,
PSNRLoss,0.001,-25.459125907427502,-25.564878693709137,0.9677353501319885,28.325579852922587,23,,,
PSNRLoss,0.001,-25.51705721939537,-25.408845969125736,0.9680601954460144,28.16954739888509,24,,,
PSNRLoss,0.001,-25.546880747613574,-25.471433409562348,0.9676690697669983,28.232134839321706,25,,,
PSNRLoss,0.001,-25.579470524519444,-25.42770887604842,0.9679320454597473,28.188410251698595,26,,,
PSNRLoss,0.001,-25.58810148929463,-25.67080289421352,0.9692011475563049,28.43150463510067,27,,,
PSNRLoss,0.001,-25.62305026016031,-25.500720057927126,0.9686120748519897,28.261421447104595,28,,,
PSNRLoss,0.001,-25.71875610300427,-25.59083017389825,0.9687807559967041,28.35153160365761,29,,,
PSNRLoss,0.001,-25.682275061313334,-25.640581523273006,0.9687631726264954,28.40128322357827,30,,,
PSNRLoss,0.001,,,,,Final,-26.05293430448113,0.9720053672790527,28.81363611264079
